id,firstName,lastName,title,preferredPronouns,date-of-birth,occupation,balance,overdraught-limit
1,Pete,Curzey,Mr,he/him,1999-10-18,Research Assistant II,14.7,409.94
2,Kirby,Monkley,Honorable,he/him,1963-03-29,Data Coordiator,43.83,825.56
3,Ernestine,Bloomer,Dr,she/her,1920-08-27,Environmental Specialist,762.9,179.05
4,Shayne,Jerwood,Dr,he/him,1979-05-12,Senior Quality Engineer,837.1,0.17
5,Ashbey,Lackner,Rev,she/her,1996-10-16,Information Systems Manager,555.69,582.3
6,Vincent,Cianelli,Honorable,he/him,1979-12-05,Civil Engineer,817.59,269.01
7,Craggie,Rivalland,Mrs,she/her,2003-09-19,Marketing Assistant,934.09,468.96
8,Andeee,Rushworth,Dr,he/him,1978-07-01,General Manager,246.1,198.09
9,Emylee,Tunnick,Rev,she/her,1914-11-07,Analog Circuit Design manager,267.02,475.01
10,Rosabelle,Rearden,Mrs,she/her,1916-10-19,Environmental Tech,857.88,174.95
11,Phaedra,Sunner,Honorable,he/him,1919-11-08,Help Desk Technician,610.36,461.68
12,Anjela,Benda,Honorable,she/her,1996-07-25,Operator,809.95,57.72
13,Aidan,Rought,Mrs,they/them,2007-04-05,Research Associate,380.92,153.62
14,Sloan,Wrist,Mr,he/him,2022-02-08,Quality Engineer,594.18,196.98
15,Aimee,Acarson,Mrs,he/him,1936-03-07,Help Desk Operator,271.32,142.81
16,Pauly,Portman,Mrs,she/her,1977-02-18,Paralegal,91.06,465.48
17,Mikael,Goldsbury,Rev,he/him,1966-04-10,Actuary,86.18,177.86
18,Berty,Caron,Mr,he/him,1984-01-29,VP Sales,133.09,247.51
19,Vittorio,McKiddin,Rev,he/him,2003-06-24,Software Consultant,459.6,516.24
20,Ham,Ibbett,Rev,they/them,2012-10-10,Biostatistician III,94.66,31.99
21,Marjory,Perkis,Ms,he/him,1967-01-16,Legal Assistant,797.75,434.42
22,Catlee,Cartmail,Dr,she/her,1992-02-08,Technical Writer,405.43,652.62
23,Cornell,Devas,Mrs,they/them,1990-07-17,Financial Advisor,243.31,81.14
24,Mikkel,Clynmans,Mrs,he/him,1933-07-27,Nurse,273.37,747.88
25,Charla,Lowen,Rev,he/him,1991-04-16,Assistant Media Planner,876.84,343.16
26,Brandie,Oldacres,Rev,he/him,1937-08-15,Accounting Assistant I,518.48,685.74
27,Mamie,Hasley,Mrs,he/him,1977-11-12,Associate Professor,52.16,204.15
28,Hurley,Wedgbrow,Mrs,she/her,1962-04-15,VP Sales,629.78,177.02
29,Maria,Blunsom,Rev,she/her,1911-05-07,Financial Advisor,847.15,684.75
30,Rori,Cruddace,Mrs,she/her,2009-09-05,Health Coach II,908.92,749.62
31,Fayth,Saddington,Mr,she/her,1977-04-19,Tax Accountant,980.88,476.51
32,Matelda,Vina,Dr,she/her,1983-08-16,Geologist I,400.1,461.75
33,Adrianna,Barenskie,Ms,they/them,1972-01-02,Web Developer I,923.11,484.04
34,Nefen,Valek,Dr,she/her,1945-09-26,Sales Representative,189.77,287.38
35,Tania,Piggott,Rev,they/them,1969-03-23,Statistician IV,869.33,81.63
36,Justinn,Iacobacci,Ms,she/her,2013-01-15,Editor,222.7,499.76
37,Oriana,Playfoot,Rev,he/him,1977-05-06,Account Executive,404.65,814.54
38,Warner,Bentinck,Mr,he/him,2004-08-08,Structural Analysis Engineer,46.0,465.26
39,Abdul,Ziemens,Ms,he/him,2014-11-26,Design Engineer,420.71,506.26
40,Warren,Kesey,Dr,he/him,1919-08-06,Librarian,512.1,554.44
41,Rayshell,Vowels,Mrs,he/him Male,2017-11-25,VP Marketing,2.48,191.43
42,Cindi,Copello,Mr,he/him,1968-10-03,Programmer Analyst II,222.85,997.61
43,Janella,Golding,Rev,he/him,1910-04-02,Librarian,476.48,356.99
44,Burlie,Povall,Honorable,she/her,2022-05-07,Account Coordinator,141.46,84.4
45,Myrah,Sneesbie,Rev,he/him,2019-12-01,Geological Engineer,522.08,999.02
46,Farah,Littledike,Mrs,he/him,1960-12-21,Human Resources Manager,663.31,15.82
47,Nada,Wavish,Ms,he/him,1960-06-08,Financial Analyst,774.63,885.49
48,Gilberte,O' Kelleher,Mrs,he/him,1960-05-03,VP Product Management,101.65,275.94
49,Gayleen,Cleverly,Honorable,he/him,1969-10-31,Recruiter,955.66,383.2
50,Aron,Lackey,Rev,they/them,1947-12-09,Editor,805.24,405.02
51,Delores,Blundel,Dr,she/her,1934-01-22,Pharmacist,251.19,965.03
52,Marj,Corneil,Rev,she/her,1923-01-25,Director of Sales,890.3,959.78
53,Laraine,Anetts,Mrs,she/her,1995-08-21,Executive Secretary,806.45,32.92
54,Koral,Gent,Ms,she/her,1973-07-06,Graphic Designer,230.62,902.36
55,Annaliese,Bubbear,Honorable,she/her,1942-09-19,Research Nurse,429.47,611.48
56,Martguerita,Folke,Dr,she/her,1932-08-21,Biostatistician II,750.96,676.61
57,Lila,Morsey,Rev,she/her,1989-07-01,Structural Engineer,696.23,105.85
58,Lindsay,Kilvington,Rev,she/her,1933-02-11,Senior Financial Analyst,711.74,897.62
59,Sunshine,Culbard,Ms,she/her,1976-04-09,VP Accounting,579.09,35.29
60,Nelia,Elsip,Mr,he/him,1977-12-06,Professor,924.62,897.8
61,Nancy,Hardy,Honorable,he/him,1921-02-09,Health Coach IV,637.86,710.99
62,Jessamyn,Penhalurick,Dr,he/him,1928-01-01,VP Sales,716.58,827.56
63,Edmund,Astill,Mr,he/him,1977-06-21,Pharmacist,568.48,74.87
64,Hadrian,McRuvie,Ms,he/him,1995-12-07,Help Desk Technician,14.49,595.68
65,Saw,Gouge,Mr,she/her,2015-06-22,Sales Associate,803.86,438.43
66,Maury,Goranov,Mr,she/her,1982-10-12,Research Assistant III,150.96,226.71
67,Anna-maria,MacMenamin,Honorable,she/her to Male,1996-03-05,Chemical Engineer,755.91,500.22
68,Jacklin,Darter,Ms,Genderqueer,1996-07-21,Office Assistant III,450.55,345.04
69,Costa,Blasing,Ms,Gender Questioning,1920-09-21,Database Administrator I,977.13,69.72
70,Teodorico,Maso,Ms,Gender Fluid,1948-07-20,Systems Administrator IV,193.52,865.13
71,Micky,Shane,Mr,Transgender,1951-07-06,Registered Nurse,428.75,969.04
72,Ebba,Lunck,Honorable,Trans,1969-02-21,Actuary,362.53,725.35
73,Burk,Harland,Rev,Neutrois,1949-11-21,Junior Executive,134.35,627.68
74,Daniela,Iskower,Mrs,Other,2021-12-18,Teacher,144.5,712.18
75,Virge,Buckthorpe,Dr,Gender Nonconforming,1986-08-31,Software Engineer III,70.83,452.58
76,Bryana,Readie,Ms,Transgender Male,2005-04-06,Data Coordiator,835.9,47.72
77,Jo ann,Caldeiro,Dr,Trans Person,1940-01-28,Web Developer III,334.54,810.74
78,Sheila,Leathlay,Dr,Transsexual Female,2003-03-31,Community Outreach Specialist,669.41,969.56
79,Amelie,McClurg,Dr,Neutrois,1983-12-31,VP Sales,618.86,758.87
80,Dotti,Rosencwaig,Mrs,Transgender Male,1987-06-13,VP Product Management,742.09,144.97
81,Hamil,Daid,Mr,Neither,1941-05-21,Technical Writer,110.21,8.78
82,Alysia,De Bernardi,Honorable,Trans Woman,1922-09-04,Project Manager,135.64,947.58
83,Eloise,Derrick,Rev,Neither,1952-10-28,Registered Nurse,225.27,36.14
84,Fulvia,Mazillius,Mr,Non-binary,1980-06-26,Senior Developer,650.36,235.4
85,Lyell,Gemlbett,Dr,Pangender,1997-09-09,Environmental Tech,606.05,431.45
86,Zelma,Abbatt,Mrs,Cis Female,1984-12-11,Professor,334.75,176.11
87,Gilburt,Shermore,Mrs,Transsexual Woman,1974-01-01,Safety Technician I,882.44,7.01
88,Sancho,Blance,Rev,Gender Variant,1978-06-30,Environmental Tech,112.03,777.77
89,Becka,Calwell,Honorable,Cis Female,1979-08-13,Marketing Assistant,65.92,926.59
90,Albina,Skurray,Rev,Trans Man,1989-02-17,Web Designer II,523.17,154.82
91,Rogerio,Huttley,Rev,Genderqueer,1941-06-14,Dental Hygienist,282.72,401.64
92,Rodrick,Grebner,Mr,Cisgender Male,2001-03-25,Teacher,319.25,413.45
93,Nikki,Solomonides,Honorable,Transgender Male,1970-03-11,Staff Accountant IV,990.42,81.57
94,Goldia,Keeble,Ms,Trans,1979-05-25,Dental Hygienist,208.54,901.64
95,Hammad,Fawssett,Honorable,Transgender Person,1965-04-20,Software Engineer III,384.29,643.04
96,peter,Tewnion,Honorable,Gender Nonconforming,1970-01-01,Assistant Professor,904.89,944.82
97,Hobart,Wolfit,Dr,Trans Male,1948-11-01,Web Designer I,153.12,858.0
98,Ezri,Velten,Ms,Neither,2017-01-26,Social Worker,327.41,552.71
99,Keen,Pelham,Ms,Two-Spirit,2017-07-16,VP Sales,237.36,184.22
100,Noelani,Conman,Honorable,Cis,1964-01-07,Nurse,626.34,685.92
101,Amandie,Tearney,Dr,Gender Variant,1999-08-31,Chief Design Engineer,753.53,991.48
